<assembly
  xmlns="http://maven.apache.org/plugins/maven-assembly-plugin/assembly/1.1.2"
  xmlns:xsi="http://www.w3.org/2001/XMLSchema-instance"
  xsi:schemaLocation="http://maven.apache.org/plugins/maven-assembly-plugin/assembly/1.1.2 http://maven.apache.org/xsd/assembly-1.1.2.xsd"
>
  <id>cliapi</id>
  <formats>
    <format>zip</format>
  </formats>
  <files>
    <file>
      <source>target/${project.artifactId}-${project.version}-cli.jar</source>
      <fileMode>644</fileMode>
      <outputDirectory>/</outputDirectory>
    </file>
    <file>
      <source>target/${project.artifactId}</source>
      <fileMode>755</fileMode>
      <outputDirectory>/</outputDirectory>
    </file>
    <file>
      <source>COPYING</source>
      <outputDirectory>/</outputDirectory>
    </file>
    <file>
      <source>COPYING-GPL</source>
      <outputDirectory>/</outputDirectory>
    </file>
    <file>
      <source>COPYING-MIT</source>
      <outputDirectory>/</outputDirectory>
    </file>
  </files>
</assembly>